{"stats":{"minecraft:picked_up":{"irons_spellbooks:arcane_anvil":2,"minecraft:iron_chestplate":10,"minecraft:prismarine_shard":3,"minecraft:flower_pot":2,"minecraft:anvil":1,"minecraft:smithing_table":8,"minecraft:lead":1,"minecraft:oak_stairs":27,"minecraft:wither_rose":23,"minecraft:brewing_stand":1,"minecraft:polished_deepslate":14,"iceandfire:manuscript":11,"minecraft:string":197,"minecraft:beetroot":8,"minecraft:gold_nugget":134,"minecraft:cobbled_deepslate":564,"minecraft:spruce_planks":4,"minecraft:melon_slice":34,"minecraft:acacia_log":33,"iceandfire:lightning_dragon_flesh":7,"artifacts:lucky_scarf":8,"aether:chainmail_gloves":10,"minecraft:polished_basalt":21,"alexsmobs:lobster_tail":2,"iceandfire:dragonscales_black":14,"minecraft:feather":22,"minecraft:cooked_beef":1,"spartanweaponry:handle":3,"minecraft:jungle_log":184,"minecraft:smoker":2,"alexsmobs:bison_fur":1,"minecraft:flint":11,"travelersbackpack:gold_tier_upgrade":1,"minecraft:lantern":3,"artifacts:flippers":2,"securitycraft:reinforced_stone_button":8,"spartanweaponry:iron_greatsword":1,"minecraft:glowstone_dust":17,"spartanweaponry:stone_battle_hammer":1,"iceandfire:shiny_scales":25,"iceandfire:lightning_dragon_heart":1,"minecraft:dark_oak_log":4,"alexsmobs:animal_dictionary":9,"minecraft:bundle":2,"cataclysm:lionfish":1,"create:crimsite":4,"minecraft:writable_book":6,"minecraft:granite":35,"minecraft:bread":15,"iceandfire:raw_silver":14,"minecraft:diamond_pickaxe":18,"iceandfire:dragon_skull_lightning":11,"minecraft:coarse_dirt":3,"minecraft:crafting_table":21,"graveyard:dark_iron_ingot":5,"irons_spellbooks:tarnished_helmet":1,"minecraft:golden_pickaxe":2,"spartanweaponry:golden_saber":2,"minecraft:cornflower":1,"minecraft:flint_and_steel":3,"artifacts:power_glove":8,"minecraft:compass":16,"minecraft:iron_shovel":3,"minecraft:glass_pane":1,"iceandfire:graveyard_soil":25,"minecraft:cartography_table":1,"minecraft:beef":87,"spartanweaponry:leather_longbow":1,"minecraft:poppy":3,"minecraft:jungle_sapling":11,"minecraft:iron_nugget":34,"minecraft:chest":2,"minecraft:egg":1,"minecraft:raw_gold_block":4,"minecraft:oak_door":11,"minecraft:redstone":144,"minecraft:prismarine_crystals":13,"minecraft:tnt":3,"irons_spellbooks:evocation_rune":1,"minecraft:diamond_boots":2,"artifacts:snowshoes":1,"mowziesmobs:umvuthana_mask_bliss":5,"minecraft:gold_ingot":106,"minecraft:totem_of_undying":6,"minecraft:bone_block":2,"minecraft:rail":1,"minecraft:stripped_oak_log":2,"iceandfire:sea_serpent_fang":1,"alexsmobs:acacia_blossom":3,"travelersbackpack:red_sleeping_bag":1,"minecraft:red_mushroom":3,"minecraft:filled_map":2,"minecraft:oak_log":201,"minecraft:paper":76,"man:cassette_1safetyinstructions":2,"minecraft:apple":26,"minecraft:stone_bricks":2,"minecraft:kelp":18,"minecraft:stone_pickaxe":9,"minecraft:cobweb":3,"minecraft:gray_bed":3,"iceandfire:sea_serpent_scales_green":6,"minecraft:gravel":4,"minecraft:spruce_log":31,"minecraft:crying_obsidian":2,"travelersbackpack:standard":7,"minecraft:diamond_shovel":7,"minecraft:slime_ball":6,"iceandfire:silver_sword":22,"mowziesmobs:umvuthana_mask_fear":1,"irons_spellbooks:scroll":3,"minecraft:wheat":30,"minecraft:black_carpet":2,"alexscaves:cave_tablet":9,"minecraft:raw_copper":270,"minecraft:iron_leggings":10,"minecraft:oak_sign":8,"irons_spellbooks:arcane_essence":23,"minecraft:smooth_stone":1,"minecraft:calcite":9,"minecraft:iron_pickaxe":5,"irons_spellbooks:inscription_table":2,"minecraft:furnace":15,"minecraft:iron_boots":6,"iceandfire:pixie_dust":8,"minecraft:stick":108,"iceandfire:ghost_chest":9,"minecraft:deepslate_brick_wall":6,"minecraft:oak_fence":6,"minecraft:torch":462,"travelersbackpack:iron_tier_upgrade":1,"minecraft:porkchop":45,"minecraft:villager_spawn_egg":3,"minecraft:pointed_dripstone":46,"tombstone:grave_dust":8,"spartanweaponry:silver_battleaxe":1,"minecraft:rotten_flesh":83,"create:asurine":1,"iceandfire:crackled_grass":2,"minecraft:deepslate_brick_stairs":6,"minecraft:obsidian":8,"minecraft:cobblestone":100,"minecraft:blaze_powder":2,"minecraft:enchanting_table":1,"alexsmobs:bear_fur":6,"alexscaves:cave_book":3,"create:raw_zinc":257,"minecraft:tuff":14,"artifacts:pickaxe_heater":1,"minecraft:lapis_lazuli":463,"minecraft:dirt":2,"minecraft:name_tag":2,"wizards:wand_novice":1,"minecraft:bone":213,"minecraft:bow":15,"minecraft:wheat_seeds":11,"minecraft:raw_gold":61,"minecraft:fletching_table":4,"minecraft:bamboo":108,"minecraft:oak_planks":886,"minecraft:sand":331,"travelersbackpack:white_sleeping_bag":1,"minecraft:diamond":47,"minecraft:soul_lantern":1,"minecraft:emerald":13,"minecraft:oak_sapling":132,"irons_spellbooks:uncommon_ink":1,"artifacts:night_vision_goggles":1,"minecraft:ladder":13,"iceandfire:fire_lily":1,"minecraft:brown_mushroom":13,"minecraft:wooden_pickaxe":1,"minecraft:gold_block":1,"minecraft:chain":4,"minecraft:shield":9,"minecraft:iron_axe":14,"graveyard:corruption":3,"minecraft:oak_boat":2,"minecraft:lectern":6,"minecraft:sugar_cane":10,"minecraft:spruce_trapdoor":2,"minecraft:phantom_membrane":2,"minecraft:raw_iron":296,"iceandfire:dragonbone":83,"minecraft:copper_ingot":17,"artifacts:vampiric_glove":4,"minecraft:cookie":2,"securitycraft:briefcase":2,"create:zinc_ingot":8,"minecraft:dark_oak_planks":3,"artifacts:cowboy_hat":4,"iceandfire:silver_ingot":20,"minecraft:arrow":62,"minecraft:pumpkin_pie":6,"alexscaves:spelunkery_table":1,"artifacts:cross_necklace":6,"minecraft:glistering_melon_slice":1,"minecraft:skeleton_skull":23,"minecraft:air":0,"minecraft:glow_ink_sac":3,"artifacts:digging_claws":1,"minecraft:leather":32,"artifacts:onion_ring":2,"minecraft:gunpowder":27,"iceandfire:ectoplasm":76,"securitycraft:keypad_chest":1,"minecraft:cobbled_deepslate_stairs":6,"artifacts:cloud_in_a_bottle":13,"minecraft:iron_ingot":204,"artifacts:kitty_slippers":5,"irons_spellbooks:cinder_essence":1,"minecraft:acacia_sapling":10,"minecraft:book":590,"minecraft:amethyst_shard":36,"minecraft:blast_furnace":11,"minecraft:mossy_stone_brick_slab":1,"minecraft:spider_eye":21,"minecraft:iron_helmet":13,"tombstone:magic_scroll":1,"minecraft:coal":207},"minecraft:broken":{"minecraft:iron_chestplate":1,"minecraft:iron_leggings":1,"iceandfire:silver_sword":1,"minecraft:iron_sword":1,"minecraft:bow":1,"minecraft:shield":4,"minecraft:iron_axe":2,"minecraft:iron_helmet":3,"minecraft:diamond_boots":1,"minecraft:golden_axe":1},"minecraft:dropped":{"minecraft:iron_sword":1,"minecraft:lapis_lazuli":1,"minecraft:glass_bottle":2,"minecraft:diamond":3,"minecraft:crafting_table":1,"artifacts:cloud_in_a_bottle":4,"travelersbackpack:iron_tier_upgrade":1,"minecraft:fletching_table":1,"iceandfire:ectoplasm":14,"irons_spellbooks:tarnished_helmet":1,"minecraft:rail":1,"minecraft:red_mushroom":3,"minecraft:dirt":2,"minecraft:raw_copper_block":7,"mowziesmobs:umvuthana_mask_bliss":3,"minecraft:jungle_sapling":6,"minecraft:writable_book":2,"minecraft:gold_nugget":24,"minecraft:sand":12,"minecraft:iron_pickaxe":2,"minecraft:compass":10,"minecraft:iron_nugget":9,"minecraft:cobbled_deepslate":32,"minecraft:black_carpet":2,"minecraft:wheat":32,"minecraft:rotten_flesh":52,"minecraft:oak_planks":4,"create:asurine":1,"iceandfire:ghost_chest":4,"minecraft:ladder":5,"minecraft:acacia_sapling":10,"minecraft:glass":9,"minecraft:beef":3,"iceandfire:manuscript":6,"minecraft:lectern":1,"minecraft:enchanted_book":1,"minecraft:iron_ingot":13,"minecraft:wheat_seeds":5,"minecraft:cobbled_deepslate_stairs":2,"minecraft:tnt":3,"minecraft:oak_fence":3,"minecraft:feather":4,"minecraft:iron_helmet":2,"minecraft:cobblestone":3,"minecraft:book":64,"minecraft:granite":5,"minecraft:coal":2,"minecraft:cobweb":3,"artifacts:lucky_scarf":1,"minecraft:oak_stairs":4,"minecraft:iron_shovel":1,"minecraft:paper":6,"minecraft:string":10,"minecraft:bowl":1,"minecraft:name_tag":1,"minecraft:oak_sign":8,"minecraft:blast_furnace":1,"minecraft:bundle":2,"minecraft:spruce_planks":4,"create:zinc_ingot":8,"iceandfire:silver_ingot":4,"artifacts:pickaxe_heater":2,"artifacts:onion_ring":2,"minecraft:spider_eye":6,"securitycraft:briefcase":2,"minecraft:bamboo":40,"minecraft:bow":2,"iceandfire:dragon_skull_lightning":1,"artifacts:snowshoes":1,"minecraft:brown_mushroom":1,"minecraft:leather":1,"minecraft:jungle_planks":2,"create:crimsite":2,"artifacts:flippers":1,"spartanweaponry:golden_saber":2,"travelersbackpack:standard":3,"alexsmobs:bison_fur":1,"iceandfire:graveyard_soil":8,"minecraft:flint":3,"minecraft:cornflower":1,"minecraft:pumpkin_pie":10,"minecraft:glistering_melon_slice":1,"minecraft:gravel":3,"minecraft:white_tulip":1,"minecraft:soul_lantern":1,"minecraft:pointed_dripstone":1,"minecraft:mossy_stone_brick_slab":1,"wizards:wand_novice":1,"spartanweaponry:stone_battle_hammer":1,"minecraft:poppy":3,"travelersbackpack:gold_tier_upgrade":1,"travelersbackpack:white_sleeping_bag":1,"iceandfire:pixie_dust":4,"minecraft:chest":1,"minecraft:arrow":4,"minecraft:bread":5,"spartanweaponry:leather_longbow":1,"minecraft:copper_ingot":17,"iceandfire:lightning_dragon_flesh":3,"minecraft:stick":9,"irons_spellbooks:scroll":3,"minecraft:deepslate_brick_stairs":2,"tombstone:magic_scroll":1,"iceandfire:silver_sword":1,"tombstone:grave_dust":2,"minecraft:iron_leggings":1,"iceandfire:crackled_grass":2,"minecraft:iron_axe":2,"travelersbackpack:red_sleeping_bag":1,"iceandfire:dragonbone":15,"minecraft:polished_deepslate":2,"minecraft:kelp":4,"artifacts:kitty_slippers":2,"minecraft:tuff":12,"minecraft:raw_iron":84,"minecraft:villager_spawn_egg":3,"minecraft:totem_of_undying":3,"minecraft:glass_pane":1,"minecraft:flint_and_steel":2,"minecraft:filled_map":5,"aether:chainmail_gloves":7,"minecraft:iron_chestplate":2,"minecraft:oak_sapling":2,"minecraft:slime_ball":6,"minecraft:spruce_log":2,"minecraft:raw_gold":4},"minecraft:custom":{"minecraft:interact_with_crafting_table":98,"minecraft:open_barrel":125,"minecraft:leave_game":6,"minecraft:time_since_death":20705,"minecraft:damage_blocked_by_shield":11818,"minecraft:play_time":592478,"minecraft:deaths":60,"minecraft:jump":12006,"minecraft:interact_with_furnace":183,"minecraft:traded_with_villager":122,"minecraft:interact_with_cartography_table":2,"minecraft:sleep_in_bed":5,"minecraft:waystone_activated":1,"minecraft:damage_dealt":81294,"tombstone:undead_killed":57,"minecraft:interact_with_smoker":15,"minecraft:interact_with_smithing_table":26,"minecraft:interact_with_anvil":4,"minecraft:damage_dealt_absorbed":240,"minecraft:sneak_time":22602,"minecraft:interact_with_lectern":2,"minecraft:interact_with_blast_furnace":6,"minecraft:total_world_time":592478,"tombstone:raider_killed":29,"minecraft:time_since_rest":20516,"minecraft:swim_one_cm":148244,"minecraft:fly_one_cm":2559945,"minecraft:open_chest":118,"minecraft:fall_one_cm":605621,"minecraft:damage_resisted":163,"minecraft:sprint_one_cm":909367,"minecraft:drop":238,"minecraft:talked_to_villager":53,"minecraft:interact_with_brewingstand":8,"minecraft:walk_on_water_one_cm":59719,"minecraft:interact_with_loom":33,"minecraft:player_kills":1,"minecraft:crouch_one_cm":47018,"tombstone:villager_killed":3,"minecraft:mob_kills":350,"minecraft:damage_dealt_resisted":46,"minecraft:climb_one_cm":9232,"minecraft:walk_one_cm":838034,"minecraft:walk_under_water_one_cm":94093,"minecraft:boat_one_cm":215460,"minecraft:damage_taken":25250,"minecraft:damage_absorbed":241,"minecraft:trigger_trapped_chest":5},"minecraft:mined":{"minecraft:dark_oak_planks":4,"irons_spellbooks:armor_pile":1,"iceandfire:copper_pile":1,"minecraft:obsidian":8,"minecraft:granite":21,"minecraft:acacia_log":34,"minecraft:jungle_log":188,"minecraft:deepslate_bricks":1,"minecraft:spawner":1,"minecraft:cobbled_deepslate":6,"minecraft:fire":9,"minecraft:fletching_table":3,"minecraft:deepslate_lapis_ore":16,"minecraft:enchanting_table":1,"minecraft:oak_stairs":1,"minecraft:deepslate_brick_stairs":2,"create:veridium":1,"minecraft:brown_mushroom":12,"minecraft:kelp_plant":4,"minecraft:smoker":3,"minecraft:amethyst_cluster":3,"minecraft:blast_furnace":3,"minecraft:melon":6,"minecraft:sugar_cane":2,"minecraft:wither_rose":3,"minecraft:stone_brick_stairs":1,"minecraft:grass":47,"minecraft:deepslate":120,"create:zinc_ore":3,"iceandfire:silver_ore":5,"minecraft:mossy_cobblestone":2,"minecraft:dark_oak_log":4,"minecraft:potted_bamboo":1,"minecraft:cartography_table":1,"minecraft:red_mushroom":4,"minecraft:andesite":4,"minecraft:vine":8,"irons_spellbooks:inscription_table":2,"minecraft:smithing_table":4,"minecraft:glass_pane":3,"minecraft:tall_grass":9,"minecraft:copper_ore":52,"minecraft:deepslate_gold_ore":19,"minecraft:diorite":3,"minecraft:gravel":6,"minecraft:cobweb":72,"minecraft:stone_bricks":3,"minecraft:gold_ore":7,"minecraft:fern":9,"create:deepslate_zinc_ore":26,"minecraft:spruce_planks":2,"iceandfire:graveyard_soil":24,"minecraft:mossy_stone_brick_slab":1,"minecraft:cobbled_deepslate_stairs":2,"irons_spellbooks:arcane_anvil":2,"minecraft:brewing_stand":1,"minecraft:spruce_trapdoor":2,"minecraft:composter":1,"minecraft:glowstone":5,"minecraft:iron_ore":111,"minecraft:black_carpet":1,"minecraft:anvil":1,"create:asurine":2,"minecraft:pointed_dripstone":8,"minecraft:deepslate_redstone_ore":6,"iceandfire:ghost_chest":3,"minecraft:chest":1,"iceandfire:fire_lily":1,"minecraft:cobblestone":13,"graveyard:lying_skeleton":1,"minecraft:oak_planks":11,"minecraft:seagrass":1,"minecraft:tnt":3,"minecraft:oak_log":208,"minecraft:sand":286,"minecraft:dirt":4,"minecraft:netherrack":1,"create:crimsite":2,"minecraft:oak_leaves":1,"alexscaves:spelunkery_table":1,"minecraft:crying_obsidian":2,"minecraft:tuff":3,"minecraft:deepslate_diamond_ore":10,"minecraft:oak_door":1,"minecraft:ladder":2,"minecraft:large_fern":2,"minecraft:furnace":10,"minecraft:raw_gold_block":4,"iceandfire:crackled_grass":2,"minecraft:gold_block":1,"minecraft:bookshelf":24,"minecraft:deepslate_iron_ore":86,"minecraft:lantern":1,"minecraft:stripped_oak_log":2,"minecraft:stone":83,"travelersbackpack:standard":4,"minecraft:oak_fence":3,"minecraft:crafting_table":4,"minecraft:lapis_ore":4,"minecraft:redstone_torch":1,"minecraft:gray_bed":2,"minecraft:coal_ore":17,"graveyard:leaning_skeleton":1},"minecraft:crafted":{"travelersbackpack:ocelot":1,"minecraft:smooth_stone":5,"travelersbackpack:crafting_upgrade":4,"minecraft:blaze_powder":1,"securitycraft:keypad_item":1,"travelersbackpack:diamond":1,"irons_spellbooks:fire_ale":1,"minecraft:glass":280,"iceandfire:armor_black_helmet":1,"aether:diamond_gloves":1,"securitycraft:briefcase":1,"minecraft:golden_axe":1,"minecraft:glass_bottle":3,"irons_spellbooks:scroll":1,"minecraft:emerald":115,"minecraft:cooked_porkchop":17,"travelersbackpack:standard":3,"minecraft:raw_gold_block":3,"irons_spellbooks:arcane_anvil":1,"spartanweaponry:weapon_oil":3,"travelersbackpack:red_sleeping_bag":1,"minecraft:wooden_hoe":1,"minecraft:iron_block":30,"minecraft:gold_ingot":26,"iceandfire:silver_sword":1,"minecraft:bone_meal":8,"travelersbackpack:blank_upgrade":5,"travelersbackpack:gold_tier_upgrade":2,"travelersbackpack:white_sleeping_bag":1,"securitycraft:universal_block_remover":1,"minecraft:stone_pickaxe":1,"minecraft:diamond_boots":1,"minecraft:redstone_block":1,"minecraft:dark_oak_planks":2,"iceandfire:armor_black_chestplate":1,"minecraft:wheat":2,"minecraft:enchanting_table":1,"iceandfire:armor_black_boots":1,"minecraft:fermented_spider_eye":1,"minecraft:iron_shovel":2,"minecraft:iron_leggings":3,"minecraft:oak_planks":278,"minecraft:stone":6,"minecraft:heavy_weighted_pressure_plate":1,"securitycraft:laser_block":1,"minecraft:bow":1,"minecraft:iron_boots":1,"minecraft:chest":8,"minecraft:smoker":2,"travelersbackpack:coal":1,"travelersbackpack:iron_tier_upgrade":2,"minecraft:crafting_table":13,"minecraft:spruce_planks":12,"minecraft:wooden_pickaxe":1,"minecraft:iron_helmet":2,"runes:fire_stone":6,"irons_spellbooks:furled_map":1,"minecraft:red_wool":2,"minecraft:gold_block":5,"travelersbackpack:blue_sleeping_bag":1,"minecraft:iron_chestplate":3,"minecraft:book":1,"minecraft:paper":42,"minecraft:shield":5,"minecraft:stick":877,"minecraft:iron_ingot":172,"minecraft:shears":1,"securitycraft:universal_block_reinforcer_lvl1":1,"minecraft:oak_door":4,"minecraft:furnace":8,"graveyard:dark_iron_ingot":1,"minecraft:blast_furnace":2,"minecraft:glass_pane":53,"minecraft:polished_deepslate":4,"minecraft:iron_axe":1,"minecraft:filled_map":4,"minecraft:glistering_melon_slice":1,"minecraft:cooked_beef":19,"minecraft:sugar":1,"spartanweaponry:grease_ball":1,"minecraft:diamond_sword":1,"travelersbackpack:backpack_tank":10,"minecraft:iron_sword":2,"minecraft:bucket":1,"minecraft:bread":13,"minecraft:air":3668,"minecraft:jungle_planks":126,"minecraft:blue_dye":6,"minecraft:oak_boat":1,"iceandfire:bestiary":1,"minecraft:white_wool":9,"minecraft:blue_wool":2,"minecraft:anvil":1,"minecraft:acacia_planks":132,"minecraft:torch":8},"minecraft:used":{"irons_spellbooks:inscription_table":1,"minecraft:beetroot":8,"minecraft:writable_book":1,"wizards:staff_wizard":20,"minecraft:ladder":1,"minecraft:chest":3,"minecraft:rotten_flesh":2,"mowziesmobs:umvuthana_mask_bliss":3,"securitycraft:keypad_item":1,"minecraft:villager_spawn_egg":6,"spartanweaponry:leather_longbow":1,"minecraft:rabbit_stew":1,"minecraft:bow":23,"minecraft:furnace":14,"minecraft:oak_sapling":3,"minecraft:egg":1,"minecraft:wooden_pickaxe":8,"minecraft:cookie":4,"minecraft:golden_apple":3,"minecraft:sand":9,"minecraft:blast_furnace":4,"securitycraft:universal_block_remover":9,"minecraft:deepslate_brick_stairs":2,"minecraft:stone_button":8,"alexscaves:nuclear_siren":1,"minecraft:diamond_sword":285,"minecraft:smithing_table":3,"minecraft:oak_boat":3,"minecraft:enchanting_table":1,"iceandfire:silver_sword":454,"minecraft:torch":58,"minecraft:brewing_stand":1,"minecraft:anvil":1,"spartanweaponry:silver_battleaxe":3,"minecraft:iron_axe":535,"minecraft:glowstone":5,"tombstone:gift":5,"minecraft:cobbled_deepslate":51,"minecraft:golden_axe":36,"minecraft:pointed_dripstone":7,"minecraft:wheat_seeds":4,"minecraft:cartography_table":2,"travelersbackpack:coal":34,"minecraft:fletching_table":4,"minecraft:crafting_table":15,"minecraft:diamond_pickaxe":645,"minecraft:diamond_shovel":3,"minecraft:spruce_trapdoor":2,"minecraft:cobblestone":33,"travelersbackpack:standard":23,"minecraft:cooked_porkchop":41,"minecraft:porkchop":1,"minecraft:glass_pane":1,"minecraft:stripped_oak_log":2,"irons_spellbooks:arcane_anvil":2,"minecraft:iron_shovel":305,"minecraft:melon":6,"minecraft:polished_basalt":10,"minecraft:shield":157,"minecraft:iron_sword":291,"minecraft:iron_chestplate":2,"minecraft:tuff":2,"minecraft:glass":9,"alexsmobs:lobster_tail":1,"minecraft:lantern":1,"minecraft:iron_helmet":5,"minecraft:raw_gold_block":4,"minecraft:stone_bricks":1,"minecraft:gray_bed":2,"minecraft:diamond_boots":1,"minecraft:stone_pickaxe":96,"minecraft:oak_planks":41,"minecraft:redstone_block":2,"alexscaves:cave_book":2,"minecraft:cobbled_deepslate_stairs":2,"minecraft:dark_oak_log":2,"minecraft:bread":19,"tombstone:grave_key":2,"minecraft:gravel":1,"securitycraft:briefcase":2,"minecraft:bone_meal":12,"minecraft:experience_bottle":34,"minecraft:oak_fence":1,"minecraft:spruce_planks":3,"minecraft:oak_door":3,"minecraft:granite":7,"minecraft:dark_oak_planks":11,"minecraft:oak_stairs":3,"minecraft:iron_boots":2,"travelersbackpack:ocelot":18,"minecraft:cooked_beef":18,"minecraft:enchanted_golden_apple":2,"minecraft:iron_leggings":1,"minecraft:smoker":2,"minecraft:wooden_hoe":6,"minecraft:apple":14,"iceandfire:graveyard_soil":1,"minecraft:bucket":10,"minecraft:pumpkin_pie":6,"alexsmobs:animal_dictionary":1},"minecraft:killed":{"minecraft:cave_spider":14,"whispering_spirits:whispering_spirit":1,"minecraft:skeleton":46,"alexsmobs:centipede_head":1,"irons_spellbooks:archevoker":1,"minecraft:iron_golem":4,"minecraft:zombie":37,"cataclysm:deepling":1,"iceandfire:lightning_dragon":1,"iceandfire:sea_serpent":1,"minecraft:cow":39,"minecraft:evoker":5,"minecraft:vindicator":16,"alexsmobs:seagull":1,"iceandfire:siren":4,"alexsmobs:rocky_roller":1,"iceandfire:hippocampus":2,"cataclysm:deepling_angler":1,"graveyard:ghoul":2,"irons_spellbooks:citadel_keeper":1,"minecraft:ravager":3,"alexsmobs:rhinoceros":1,"iceandfire:ghost":16,"minecraft:enderman":1,"minecraft:witch":1,"graveyard:skeleton_creeper":2,"minecraft:spider":27,"minecraft:silverfish":2,"irons_spellbooks:summoned_skeleton":2,"artifacts:mimic":11,"minecraft:pig":20,"alexsmobs:grizzly_bear":1,"minecraft:zombie_villager":1,"irons_spellbooks:necromancer":3,"minecraft:creeper":21,"cataclysm:deepling_brute":1,"iceandfire:pixie":2,"mowziesmobs:umvuthana_raptor":1,"apollyon:the_damned":5,"minecraft:vex":9,"irons_spellbooks:summoned_zombie":2,"alexscaves:nucleeper":1,"minecraft:phantom":4,"alexsmobs:bison":1,"minecraft:drowned":1,"cataclysm:lionfish":1,"mowziesmobs:umvuthana_follower_raptor":8,"minecraft:player":1,"minecraft:villager":3},"minecraft:killed_by":{"minecraft:ravager":5,"minecraft:vindicator":11,"irons_spellbooks:citadel_keeper":1,"alexsmobs:rhinoceros":1,"alexsmobs:grizzly_bear":3,"minecraft:vex":1,"cataclysm:lionfish":1,"alexsmobs:centipede_head":1,"iceandfire:ghost":9,"graveyard:skeleton_creeper":3,"man:managgresive":4,"minecraft:cave_spider":2,"cataclysm:deepling_brute":2,"artifacts:mimic":4,"apollyon:the_infector":1,"apollyon:the_damned":5,"minecraft:skeleton":3,"irons_spellbooks:archevoker":2}},"DataVersion":3465}