{"stats":{"minecraft:picked_up":{"minecraft:iron_chestplate":7,"minecraft:wheat":15,"minecraft:lead":12,"alexscaves:cave_tablet":4,"minecraft:wither_rose":12,"tombstone:grave_key":3,"minecraft:polished_deepslate":16,"minecraft:string":83,"create:limestone":65,"minecraft:oak_sign":1,"minecraft:cobbled_deepslate":629,"minecraft:gold_nugget":66,"minecraft:smooth_stone":11,"minecraft:calcite":79,"minecraft:iron_pickaxe":57,"minecraft:melon_slice":3,"minecraft:furnace":10,"minecraft:stick":207,"minecraft:deepslate_brick_wall":65,"minecraft:torch":430,"minecraft:green_bed":19,"travelersbackpack:iron_tier_upgrade":18,"minecraft:pointed_dripstone":28,"spartanweaponry:silver_battleaxe":11,"minecraft:rotten_flesh":75,"aether:chainmail_gloves":23,"minecraft:polished_basalt":3,"create:asurine":12,"alexsmobs:lobster_tail":1,"minecraft:cobblestone":158,"spartanweaponry:handle":7,"minecraft:black_bed":2,"minecraft:potato":4,"alexsmobs:bear_fur":1,"alexscaves:cave_book":1,"minecraft:flint":1,"minecraft:tuff":8,"create:raw_zinc":52,"alexsmobs:rocky_shell":1,"minecraft:lapis_lazuli":118,"minecraft:dirt":6,"minecraft:lantern":39,"minecraft:name_tag":1,"wizards:wand_novice":26,"minecraft:chipped_anvil":3,"minecraft:bone":46,"spartanweaponry:iron_greatsword":3,"minecraft:wheat_seeds":57,"minecraft:raw_gold":6,"minecraft:bamboo":36,"minecraft:oak_planks":439,"spartanweaponry:iron_saber":26,"spartanweaponry:stone_battle_hammer":13,"minecraft:oak_pressure_plate":1,"minecraft:sand":109,"alexsmobs:animal_dictionary":21,"minecraft:barrel":10,"create:crimsite":4,"minecraft:sugar":1,"minecraft:diamond":19,"minecraft:writable_book":1,"minecraft:granite":6,"minecraft:golden_apple":16,"minecraft:bread":39,"minecraft:oak_sapling":25,"iceandfire:raw_silver":34,"minecraft:cocoa_beans":304,"minecraft:crafting_table":17,"minecraft:ladder":6,"minecraft:stone_brick_wall":2,"minecraft:chain":136,"spartanweaponry:golden_saber":3,"minecraft:shield":14,"minecraft:iron_axe":26,"minecraft:flint_and_steel":22,"minecraft:glass_pane":2,"graveyard:corruption":15,"iceandfire:graveyard_soil":1,"minecraft:candle":21,"minecraft:chest":1,"minecraft:raw_iron":170,"iceandfire:dragonbone":28,"minecraft:bowl":2,"minecraft:carrot":18,"securitycraft:briefcase":2,"alexscaves:spawn_egg_nucleeper":1,"minecraft:tnt":23,"iceandfire:silver_ingot":4,"minecraft:arrow":13,"minecraft:pumpkin_pie":49,"minecraft:hay_block":120,"mowziesmobs:umvuthana_mask_bliss":1,"minecraft:totem_of_undying":2,"minecraft:gold_ingot":49,"minecraft:skeleton_skull":46,"minecraft:stripped_oak_log":2,"minecraft:leather":12,"artifacts:onion_ring":1,"minecraft:oak_log":31,"iceandfire:ectoplasm":9,"minecraft:cobbled_deepslate_stairs":2,"minecraft:gunpowder":24,"minecraft:cobblestone_stairs":6,"minecraft:wooden_hoe":1,"minecraft:apple":3,"minecraft:iron_ingot":197,"minecraft:stone_pickaxe":4,"minecraft:cobweb":56,"artifacts:kitty_slippers":23,"minecraft:stripped_oak_wood":2,"minecraft:gray_bed":2,"minecraft:book":526,"minecraft:oak_slab":4,"minecraft:dripstone_block":3,"minecraft:gravel":10,"minecraft:blast_furnace":10,"minecraft:white_bed":1,"minecraft:spruce_log":9,"minecraft:spruce_door":11,"minecraft:spider_eye":17,"travelersbackpack:standard":15,"iceandfire:silver_sword":63,"minecraft:stone_axe":5,"minecraft:diamond_axe":1,"minecraft:coal":348,"minecraft:sunflower":3},"minecraft:broken":{"aether:chainmail_gloves":1,"minecraft:shield":1,"minecraft:iron_pickaxe":1},"minecraft:dropped":{"minecraft:candle":5,"minecraft:oak_log":2,"minecraft:diamond":1,"minecraft:crafting_table":3,"minecraft:lantern":1,"minecraft:black_bed":1,"travelersbackpack:iron_tier_upgrade":2,"iceandfire:ectoplasm":8,"spartanweaponry:golden_saber":4,"travelersbackpack:standard":11,"spartanweaponry:silver_battleaxe":4,"minecraft:pumpkin_pie":3,"minecraft:writable_book":2,"minecraft:gold_nugget":8,"minecraft:sunflower":1,"minecraft:sand":27,"minecraft:iron_pickaxe":36,"minecraft:gold_ingot":2,"minecraft:bone":1,"minecraft:stone_axe":1,"alexsmobs:animal_dictionary":4,"alexscaves:cave_tablet":13,"minecraft:rotten_flesh":20,"minecraft:oak_planks":54,"spartanweaponry:iron_saber":12,"spartanweaponry:stone_battle_hammer":5,"wizards:wand_novice":12,"alexscaves:cave_book":2,"minecraft:stone_brick_wall":1,"create:limestone":1,"minecraft:iron_ingot":3,"minecraft:bread":4,"spartanweaponry:handle":6,"minecraft:wheat_seeds":6,"minecraft:tnt":5,"minecraft:deepslate_brick_wall":1,"minecraft:iron_helmet":1,"minecraft:cobblestone":3,"minecraft:book":12,"minecraft:coal":66,"minecraft:golden_apple":1,"minecraft:torch":3,"minecraft:wooden_hoe":1,"tombstone:grave_key":3,"iceandfire:silver_sword":34,"minecraft:gray_bed":1,"minecraft:wither_rose":1,"minecraft:iron_axe":9,"minecraft:paper":2,"minecraft:string":13,"minecraft:furnace":3,"artifacts:kitty_slippers":4,"minecraft:bowl":1,"minecraft:green_bed":1,"alexscaves:spawn_egg_nucleeper":1,"minecraft:flint_and_steel":2,"minecraft:blast_furnace":1,"minecraft:potato":1,"minecraft:shield":2,"aether:chainmail_gloves":7,"iceandfire:silver_ingot":2,"artifacts:onion_ring":1,"minecraft:spider_eye":5,"securitycraft:briefcase":2,"minecraft:stone_pickaxe":1,"minecraft:wooden_pickaxe":1,"minecraft:raw_gold":3},"minecraft:custom":{"minecraft:interact_with_crafting_table":31,"minecraft:open_barrel":40,"minecraft:leave_game":3,"minecraft:time_since_death":6217,"minecraft:sprint_one_cm":352153,"minecraft:damage_blocked_by_shield":3585,"minecraft:drop":311,"minecraft:talked_to_villager":1,"minecraft:play_time":246366,"minecraft:deaths":36,"minecraft:jump":2903,"minecraft:walk_on_water_one_cm":15353,"minecraft:interact_with_furnace":10,"minecraft:interact_with_loom":6,"minecraft:sleep_in_bed":8,"minecraft:waystone_activated":1,"minecraft:damage_dealt":12493,"minecraft:crouch_one_cm":6528,"tombstone:undead_killed":4,"minecraft:mob_kills":59,"minecraft:climb_one_cm":14569,"minecraft:walk_one_cm":864570,"minecraft:sneak_time":2403,"minecraft:walk_under_water_one_cm":2895,"minecraft:interact_with_lectern":2,"minecraft:interact_with_blast_furnace":21,"minecraft:total_world_time":246366,"minecraft:time_since_rest":6009,"minecraft:damage_taken":10491,"minecraft:trigger_trapped_chest":3,"minecraft:swim_one_cm":5145,"minecraft:fly_one_cm":398864,"minecraft:open_chest":8,"minecraft:fall_one_cm":75898},"minecraft:mined":{"create:deepslate_zinc_ore":21,"minecraft:white_bed":1,"minecraft:cobblestone_stairs":1,"minecraft:granite":1,"minecraft:grass_block":5,"minecraft:stone_brick_wall":1,"minecraft:oak_pressure_plate":1,"minecraft:smooth_stone":1,"minecraft:cobbled_deepslate":5,"minecraft:iron_ore":55,"minecraft:fire":2,"minecraft:barrel":4,"minecraft:deepslate_lapis_ore":2,"create:asurine":12,"minecraft:pointed_dripstone":2,"create:limestone":64,"minecraft:green_bed":8,"minecraft:deepslate_brick_wall":2,"minecraft:torch":1,"minecraft:blast_furnace":4,"minecraft:calcite":80,"minecraft:melon":1,"iceandfire:ghost_chest":1,"minecraft:chest":1,"minecraft:cobblestone":10,"minecraft:oak_planks":1,"minecraft:wall_torch":36,"minecraft:skeleton_skull":1,"minecraft:chain":9,"minecraft:wheat":16,"minecraft:stripped_oak_wood":2,"minecraft:wither_rose":4,"minecraft:grass":45,"minecraft:oak_log":14,"minecraft:sand":6,"minecraft:dirt":3,"create:crimsite":2,"minecraft:oak_leaves":20,"minecraft:deepslate":48,"create:zinc_ore":6,"alexscaves:spelunkery_table":1,"iceandfire:silver_ore":15,"minecraft:deepslate_diamond_ore":1,"minecraft:candle":7,"iceandfire:deepslate_silver_ore":2,"minecraft:hay_block":29,"minecraft:furnace":2,"minecraft:carrots":6,"minecraft:polished_deepslate":2,"minecraft:bookshelf":12,"minecraft:potatoes":1,"minecraft:deepslate_iron_ore":23,"minecraft:lantern":6,"minecraft:stripped_oak_log":2,"minecraft:bamboo":1,"minecraft:stone":49,"minecraft:glass_pane":1,"minecraft:spruce_door":1,"travelersbackpack:standard":2,"minecraft:crafting_table":5,"minecraft:tall_grass":3,"minecraft:deepslate_coal_ore":5,"minecraft:deepslate_gold_ore":6,"minecraft:coal_ore":75,"minecraft:cocoa":7,"minecraft:sunflower":1,"minecraft:gravel":9,"minecraft:cobweb":15,"minecraft:chipped_anvil":1,"minecraft:infested_stone":1},"minecraft:used":{"minecraft:ladder":6,"minecraft:oak_sign":1,"minecraft:shield":80,"minecraft:iron_sword":7,"minecraft:rotten_flesh":21,"mowziesmobs:umvuthana_mask_bliss":1,"spartanweaponry:stone_battle_hammer":7,"minecraft:lantern":5,"minecraft:furnace":2,"minecraft:oak_sapling":1,"minecraft:gray_bed":1,"spartanweaponry:iron_greatsword":11,"minecraft:deepslate_brick_wall":7,"minecraft:stone_pickaxe":27,"minecraft:oak_planks":3,"create:crimsite":4,"minecraft:wooden_pickaxe":16,"minecraft:netherite_leggings":1,"wizards:wand_novice":1,"minecraft:blast_furnace":4,"minecraft:dripstone_block":3,"minecraft:stone_brick_wall":1,"minecraft:black_bed":1,"spartanweaponry:iron_saber":48,"minecraft:bread":6,"minecraft:oak_pressure_plate":1,"create:asurine":12,"minecraft:gravel":10,"securitycraft:briefcase":1,"iceandfire:silver_sword":297,"minecraft:flint_and_steel":7,"spartanweaponry:golden_saber":2,"minecraft:torch":79,"minecraft:dirt":6,"alexscaves:spawn_egg_nucleeper":1,"artifacts:onion_ring":1,"minecraft:granite":6,"spartanweaponry:silver_battleaxe":11,"minecraft:iron_axe":21,"minecraft:barrel":4,"tombstone:gift":4,"minecraft:cobbled_deepslate":8,"minecraft:calcite":15,"minecraft:wheat_seeds":9,"minecraft:cobblestone_stairs":1,"minecraft:green_bed":8,"minecraft:oak_slab":2,"minecraft:crafting_table":5,"minecraft:white_bed":1,"minecraft:apple":1,"minecraft:sunflower":1,"minecraft:iron_pickaxe":479,"iceandfire:graveyard_soil":1,"minecraft:stone_axe":34,"minecraft:cobblestone":38,"travelersbackpack:standard":15,"minecraft:pumpkin_pie":4,"minecraft:wither_rose":2,"alexsmobs:animal_dictionary":2,"minecraft:candle":12},"minecraft:crafted":{"minecraft:oak_planks":23,"spartanweaponry:golden_saber":1,"spartanweaponry:iron_saber":1,"minecraft:crafting_table":3,"minecraft:wooden_pickaxe":1,"minecraft:iron_chestplate":1,"minecraft:shield":2,"minecraft:stick":3,"minecraft:iron_ingot":47,"minecraft:iron_pickaxe":2,"minecraft:gold_ingot":6,"iceandfire:silver_sword":1,"spartanweaponry:stone_battle_hammer":1,"minecraft:furnace":1,"minecraft:flint_and_steel":1,"minecraft:iron_axe":1,"minecraft:stone_pickaxe":1,"spartanweaponry:silver_battleaxe":1,"iceandfire:silver_ingot":14,"minecraft:iron_sword":1,"spartanweaponry:handle":6,"minecraft:stone_axe":1,"minecraft:bread":4,"minecraft:air":118,"minecraft:torch":3},"minecraft:killed":{"alexsmobs:lobster":1,"minecraft:witch":1,"whispering_spirits:whispering_spirit":1,"minecraft:spider":4,"minecraft:skeleton":3,"minecraft:silverfish":2,"minecraft:creeper":5,"minecraft:trader_llama":2,"minecraft:zombie":14,"minecraft:wandering_trader":1,"iceandfire:ghost":4},"minecraft:killed_by":{"minecraft:creeper":3,"graveyard:skeleton_creeper":1,"minecraft:cave_spider":1,"minecraft:witch":1,"minecraft:zombie":8,"minecraft:player":1,"irons_spellbooks:summoned_skeleton":1,"minecraft:spider":1,"minecraft:enderman":1,"apollyon:the_damned":2,"irons_spellbooks:necromancer":1,"minecraft:skeleton":7,"iceandfire:ghost":7}},"DataVersion":3465}